{
  "version": 1,
  "author": "AVANI GAJJAR",
  "editor": "wokwi",
  "parts": [
    { "type": "wokwi-arduino-uno", "id": "uno", "top": 96.6, "left": 9, "attrs": {} },
    {
      "type": "wokwi-dht22",
      "id": "dht1",
      "top": -57.3,
      "left": 157.8,
      "attrs": { "temperature": "31.5" }
    },
    {
      "type": "wokwi-led",
      "id": "led1",
      "top": -13.2,
      "left": 109.4,
      "attrs": { "color": "yellow" }
    }
  ],
  "connections": [
    [ "dht1:VCC", "uno:3.3V", "red", [ "v0" ] ],
    [ "dht1:SDA", "uno:2", "green", [ "v0" ] ],
    [ "dht1:GND", "uno:GND.3", "black", [ "v0" ] ],
    [ "led1:C", "uno:GND.1", "green", [ "v0" ] ],
    [ "led1:A", "uno:13", "green", [ "v0" ] ]
  ],
  "dependencies": {}
}